Word;Character;Correlation;P_value
actually;Carla;-0.0072152133952826936;0.015891523740873194
actually;Cliff;0.006306809531134311;0.035048887642669634
actually;Coach;-0.002647175253516319;0.3763169414112791
actually;Diane;-0.007587731257427363;0.011215872284016716
actually;Eddie;-0.0047788729481421325;0.11023538260012723
actually;Frasier;0.0004838960978232783;0.8715256612576333
actually;Gary;-0.000549965519076853;0.8541690488208807
actually;Kelly;-0.004412885946084895;0.1402611720341044
actually;Lilith;0.004338942888699775;0.14702879613331313
actually;Nick;-0.0009316979122156893;0.7555125998774244
actually;Norm;0.006336953611581394;0.034186269169321555
actually;Rebecca;-0.000825990171279939;0.7825091006893286
actually;Sam;0.0031143743611593616;0.29794776012514473
actually;Woody;0.008211441942538334;0.006062945602508701
always;Carla;-0.00814909907331601;0.006459007248122462
always;Cliff;-0.006397651182962432;0.03250425855673975
always;Coach;-0.001010449200556844;0.7355907486934472
always;Diane;-0.004803733189401076;0.10839598820084713
always;Eddie;-0.0032812828088186544;0.27280464770167834
always;Frasier;0.0026141223358333984;0.3823054704440735
always;Gary;-0.003423859015773695;0.25250885774816556
always;Kelly;0.00037813194886690885;0.8994359727423572
always;Lilith;-0.001779243223794744;0.5520882608096627
always;Nick;-0.0009213353963982;0.7581464976273116
always;Norm;-0.010238795978482913;0.0006217273281418472
always;Rebecca;-0.0012443500775350537;0.677505760188825
always;Sam;-0.0084107785194103;0.004939078426935551
always;Woody;-0.003001402696544253;0.3158182240038805
around;Carla;0.001995201105016471;0.504894529660069
around;Cliff;0.0023331971150378668;0.43552684978450323
around;Coach;-0.00554055068074355;0.06406916622512346
around;Diane;-0.004371051334539228;0.14406002097139203
around;Eddie;-0.0005371650965982993;0.8575265172982468
around;Frasier;-0.0033106249780970156;0.2685391408916425
around;Gary;0.003989955771793051;0.1823770999278433
around;Kelly;0.005149489383109596;0.08525073334999497
around;Lilith;-0.0035250662026129944;0.23875628693233605
around;Nick;-0.0018173512892005928;0.5436055274139717
around;Norm;-0.0011243135122081759;0.7071011361899155
around;Rebecca;0.0008645756067978125;0.7726225371441017
around;Sam;0.0029499479440451433;0.3241862192667675
around;Woody;0.0064950754744012955;0.029952750905451544
audience;Carla;0.0027988571999275776;0.3495842208145661
audience;Cliff;-0.0009428465529711424;0.752682059174105
audience;Coach;-0.006638973788974971;0.02649980114791324
audience;Diane;-0.0029602467834116126;0.3224998825969569
audience;Eddie;0.00023859011989423354;0.9364454793099631
audience;Frasier;0.006867518687918583;0.021722153976140843
audience;Gary;0.0023052404797431186;0.44104741064007
audience;Kelly;0.0012016992370702476;0.6879674111333512
audience;Lilith;0.00850270394375489;0.004487311559454684
audience;Nick;-0.001393069405278247;0.6415218416836113
audience;Norm;0.001728923769792663;0.5633878521092698
audience;Rebecca;0.004178189244357355;0.16259977291333463
audience;Sam;-0.003065061409178175;0.3056635541652656
audience;Woody;0.014156066276598964;2.2311276582291265e-06
back;Carla;0.003108325150966186;0.29888719040364525
back;Cliff;0.005908156730857135;0.0483184054118527
back;Coach;0.006454479358253937;0.030994232542723904
back;Diane;0.0037207996249867563;0.21367737084877378
back;Eddie;-0.0014872226797916646;0.6191617729063607
back;Frasier;-0.0010638760309326248;0.7221748870493145
back;Gary;0.004253671374598237;0.1551400901692204
back;Kelly;-0.003464117947907529;0.24697354476461642
back;Lilith;0.008851844711385287;0.0030924499938734602
back;Nick;-0.00029980423998932277;0.9201884749860471
back;Norm;-0.004746183413460914;0.11269148992193476
back;Rebecca;0.006993731795429656;0.019419738742384663
back;Sam;0.01446633170627705;1.3315596062499521e-06
back;Woody;0.004815043975436956;0.1075671887994022
bar;Carla;0.0012753336126708568;0.6699446078562709
bar;Cliff;-0.004237862125303202;0.15668056029493016
bar;Coach;0.0034381252194790254;0.2505375496892694
bar;Diane;0.00016095191759458966;0.9571016317409153
bar;Eddie;0.002337280365175485;0.4347238851011801
bar;Frasier;-0.009781055581269937;0.0010794224509484557
bar;Gary;0.010050183742724188;0.0007824933952075646
bar;Kelly;-0.002683763449390762;0.36975581259806706
bar;Lilith;-0.006896564299758937;0.021172229329482452
bar;Nick;-0.0054149826799447225;0.0703373964713526
bar;Norm;0.0041347207448564835;0.16701670138360306
bar;Rebecca;0.008916142820682399;0.0028835600823684674
bar;Sam;0.018009359328221456;1.75151296372674e-09
bar;Woody;0.0013862920270802238;0.643144311928368
bartender;Carla;0.0028987965135070662;0.3326466981046722
bartender;Cliff;-0.0030950159361679986;0.30096103825086035
bartender;Coach;-0.0011553326163172648;0.6994085677049587
bartender;Diane;-0.004562628926690715;0.12729280513979824
bartender;Eddie;-9.067217112432909e-05;0.9758252738016864
bartender;Frasier;-0.006145121554941001;0.03999945871914005
bartender;Gary;-0.00015901800123330122;0.9576165886815566
bartender;Kelly;0.004491924671886653;0.13329485784418402
bartender;Lilith;-0.0025953034477432953;0.38574103343434873
bartender;Nick;0.00044389397207550906;0.8820650295841833
bartender;Norm;-0.0029082922229934733;0.33106541799945105
bartender;Rebecca;0.0015776825118733043;0.5980054552851197
bartender;Sam;0.009614319071385994;0.0013124875604574803
bartender;Woody;0.010461657985102698;0.00047150665504395984
beer;Carla;-0.00024493762980184715;0.9347583836815467
beer;Cliff;0.00746565348595179;0.012592189442691734
beer;Coach;0.011555875289367353;0.00011238468525937649
beer;Diane;-0.0021083059288279876;0.4810537207473425
beer;Eddie;-0.00024989139153449647;0.933441933535096
beer;Frasier;-0.0030379771951632136;0.3099571901332459
beer;Gary;0.0009050419717350743;0.7622935591581235
beer;Kelly;-0.0006391497989686639;0.830853091212806
beer;Lilith;-0.004976420051355494;0.09628068898459494
beer;Nick;-0.006276066227887656;0.03594772492211314
beer;Norm;0.056658697584430595;4.342002336379113e-80
beer;Rebecca;-0.00773338673776251;0.009749735762526244
beer;Sam;0.0024992577560950403;0.4035670108600181
beer;Woody;0.0073242077938037616;0.014372129465767394
bet;Carla;-0.002458106210465814;0.41135325009236445
bet;Cliff;0.004186049346212596;0.16181058575792934
bet;Coach;0.001926924361710937;0.5195820175792163
bet;Diane;0.0046046998387974155;0.12382250074462062
bet;Eddie;0.003965848915858489;0.18503360368790525
bet;Frasier;0.00035342237634960246;0.90597590223535
bet;Gary;-0.003968253312884224;0.1847673680741384
bet;Kelly;-0.0035360434324775503;0.23729704208689703
bet;Lilith;-0.007902011807333388;0.008267655324414844
bet;Nick;0.002469858102808126;0.40912064162008216
bet;Norm;-0.00625263879117538;0.0366457981591489
bet;Rebecca;-0.000980818564205223;0.7430664358102986
bet;Sam;0.0036945586968694447;0.2169246534069359
bet;Woody;0.009149807920577168;0.0022283247644390215
better;Carla;1.2988995652288716e-05;0.9965363961078715
better;Cliff;0.0036300390415194626;0.22505947709562552
better;Coach;0.0030587655606491167;0.3066580936036024
better;Diane;0.00500689854723761;0.09425941887462859
better;Eddie;0.0004204519760019167;0.8882511387745221
better;Frasier;-0.0012848801314336105;0.6676215763016498
better;Gary;-0.0032322369721459665;0.28003750915400377
better;Kelly;0.0016985301271259824;0.570266545444357
better;Lilith;-0.006168277078947571;0.03925598960691545
better;Nick;0.0018412203187272512;0.538325594693917
better;Norm;0.0004976696703824781;0.8679019104563989
better;Rebecca;0.0003656761961408207;0.9027318353538294
better;Sam;-0.0004523495579617366;0.8798354286789589
better;Woody;0.00064323539569562;0.829788364531088
big;Carla;-0.002392672114242271;0.4239159379214952
big;Cliff;0.008480244002059397;0.0045940933244320295
big;Coach;-0.0022235113587174135;0.45741432594193976
big;Diane;-0.0034708622604788172;0.24605462624442115
big;Eddie;0.0021078322836490327;0.48115226355561125
big;Frasier;-0.005503937737543055;0.0658473050986034
big;Gary;0.0019012008696993026;0.5251722078899245
big;Kelly;-0.0020076029574494993;0.5022503576654677
big;Lilith;0.003848985814898327;0.19831813130493348
big;Nick;-0.001198875269537547;0.6886622302386333
big;Norm;0.0023549111972755773;0.4312666387065262
big;Rebecca;-0.0008771159867359216;0.7694172190139115
big;Sam;0.002580464874819754;0.3884632054440278
big;Woody;0.0035118194679482433;0.24052564210995936
boston;Carla;-0.005579329811842075;0.062229251562226
boston;Cliff;0.001182493839695993;0.6926979432398456
boston;Coach;-0.006305684261057574;0.03508144550441993
boston;Diane;0.003484864961237696;0.24415440664613036
boston;Eddie;0.006896241665048138;0.02117827058107493
boston;Frasier;-0.003928251674818569;0.189233679965261
boston;Gary;0.0028937487852466392;0.3334892569803622
boston;Kelly;-0.00010657916894225633;0.9715858600252667
boston;Lilith;-0.0005522484846316239;0.8535705172283614
boston;Nick;-0.0021788726114098243;0.4664956499024398
boston;Norm;-0.0072408123029546;0.015522512963300646
boston;Rebecca;-0.006745290372783721;0.024174746577739065
boston;Sam;-0.007417628462184373;0.01317334406101644
boston;Woody;0.004526572189068866;0.13032683143799484
boy;Carla;-0.0041518327981191865;0.16526726709234588
boy;Cliff;0.0044108456037262374;0.14044464270205265
boy;Coach;-0.0013557590060378484;0.6504747930735797
boy;Diane;-0.009946181681409452;0.0008868734385588965
boy;Eddie;-0.0011143388718701662;0.7095812061519061
boy;Frasier;-0.0015228015900613026;0.6108017250758915
boy;Gary;0.0006689351516715287;0.8230981225957218
boy;Kelly;0.01383115547971269;3.7882641017070827e-06
boy;Lilith;0.005814977024277855;0.05196599632785915
boy;Nick;0.00040409429090175735;0.8925718272939952
boy;Norm;0.002625357514743399;0.3802633566151208
boy;Rebecca;0.0009352380911775528;0.7546134222136208
boy;Sam;0.0022553606788981457;0.4509960360002458
boy;Woody;0.03845499287656961;7.893810853630659e-38
bye;Carla;-0.0018490503722128444;0.5365991744654832
bye;Cliff;-0.008147791746937007;0.006467556216900067
bye;Coach;-0.001440650633675562;0.630179646206758
bye;Diane;0.014735496074110772;8.437966381818002e-07
bye;Eddie;0.002012403554860846;0.5012288026770274
bye;Frasier;0.0013605939639852777;0.6493117190028076
bye;Gary;-0.003398458141630609;0.2560454610833726
bye;Kelly;0.00377900961301687;0.2065994778084859
bye;Lilith;-0.004073264587905831;0.17341441907597588
bye;Nick;-0.002719180909305549;0.363472789872485
bye;Norm;-0.006146800264721438;0.03994516060569731
bye;Rebecca;0.00039037482253844206;0.8961981280008594
bye;Sam;0.007916665805293807;0.008148909953470325
bye;Woody;0.0005826234982806125;0.8456151646961244
came;Carla;-0.006810870099373027;0.022830541349105254
came;Cliff;-0.00482729945467689;0.10667483989151565
came;Coach;-0.005423155976200788;0.0699146285513144
came;Diane;-0.004876030271641758;0.10318454977049825
came;Eddie;-0.005667930434827452;0.0581891414961689
came;Frasier;-0.008540853280029908;0.004311080037527015
came;Gary;0.001967095056085692;0.5109140041219388
came;Kelly;0.00029599273771174837;0.9211998164553972
came;Lilith;-0.007847096762457826;0.008726538717702348
came;Nick;0.0007413622025896284;0.8043142531137811
came;Norm;-0.0076085806266854355;0.010994663409725729
came;Rebecca;-0.0038097633634246713;0.20292950723199513
came;Sam;-0.011665593284779036;9.665409638274539e-05
came;Woody;-0.006213336290204504;0.03784284279227541
cheers;Carla;-0.0004945378499024832;0.8687256341886486
cheers;Cliff;0.003988909892663798;0.18249176266673356
cheers;Coach;0.007231648441232241;0.015653735255993395
cheers;Diane;0.0025702117976246826;0.3903509742124278
cheers;Eddie;-0.0019702430104489663;0.5102379467463112
cheers;Frasier;0.002024027993605934;0.49875971805019503
cheers;Gary;0.014353459389782778;1.6085387355543915e-06
cheers;Kelly;-0.0011219554528764906;0.7076871589103527
cheers;Lilith;0.007435336318487194;0.01295635603720099
cheers;Nick;0.0019070553493116494;0.5238972210478858
cheers;Norm;0.0035173796607476807;0.2397818501092501
cheers;Rebecca;0.009517257681086033;0.0014687176911915316
cheers;Sam;0.0035658035191532445;0.23337265491943102
cheers;Woody;0.008109467662167651;0.006722734515231697
come;Carla;0.004408657838623685;0.14064157484719514
come;Cliff;0.0016150488354105459;0.5893632458153997
come;Coach;-0.0007495551472034871;0.802196301865468
come;Diane;0.0006944380196910399;0.8164718207385743
come;Eddie;0.0009585493785768959;0.7487008930225738
come;Frasier;-0.0015818313673167516;0.5970430585742832
come;Gary;0.01056085445483867;0.0004161931585903204
come;Kelly;-0.002254081984779177;0.45125273290560897
come;Lilith;-0.0031660933715311358;0.2899964796173158
come;Nick;0.0038293452917541404;0.2006175937427515
come;Norm;0.00715975960243901;0.016717451370703337
come;Rebecca;0.00125380865864624;0.6751940182006803
come;Sam;0.011758750770873254;8.495353979480663e-05
come;Woody;0.004638913903698417;0.12105509599977493
could;Carla;0.0031147267017292567;0.2978931031993118
could;Cliff;-0.0019238484148836462;0.5202488578083106
could;Coach;-0.005935221272157758;0.047300148665171196
could;Diane;-0.003978873094582915;0.18359484459348469
could;Eddie;-0.0032636586357170194;0.27538885899789467
could;Frasier;-0.0011252382882025436;0.7068713590646467
could;Gary;-0.0012826991497604245;0.6681520125914653
could;Kelly;0.004931184685524579;0.09934437747658013
could;Lilith;0.0012433595144363038;0.6777480368352585
could;Nick;-0.00220316112795648;0.4615420219605861
could;Norm;-0.0021012632121620222;0.4825201043136949
could;Rebecca;-0.001112112313019825;0.7101352337032537
could;Sam;0.000360181564747099;0.9041862823285407
could;Woody;0.004709509123938025;0.11549811360024577
date;Carla;0.0013136898106362058;0.660630444098732
date;Cliff;-0.0073054902094485015;0.014623569448106182
date;Coach;0.010093654946188248;0.0007423422582245627
date;Diane;0.000603184769487445;0.8402389432319216
date;Eddie;0.0033678907729883605;0.2603468365583003
date;Frasier;-0.005358282770068452;0.07332830100031994
date;Gary;-0.003609939343033909;0.2276376660649206
date;Kelly;0.007932020822917395;0.008026123997236257
date;Lilith;-0.003256242168100857;0.2764813049221961
date;Nick;0.0027292823704784266;0.3616931142716702
date;Norm;-0.010101276611108283;0.0007355029888840216
date;Rebecca;0.0005033750534273918;0.8664016637714386
date;Sam;0.005211785066031547;0.08153985927239524
date;Woody;0.00091459716384795;0.7598607008911588
day;Carla;-0.0020986297319430048;0.4830690518789998
day;Cliff;0.004367115277019563;0.14442146129624242
day;Coach;0.0007690521661261304;0.7971620113232959
day;Diane;-0.0018946751039404287;0.5265952563590676
day;Eddie;-0.0011701405099215922;0.6957470842358742
day;Frasier;0.0013935303816720273;0.641411548291695
day;Gary;0.0023731712448077677;0.4277028712644699
day;Kelly;0.00029545388918407565;0.9213428044838012
day;Lilith;0.01206834126303224;5.496242601598302e-05
day;Nick;0.0016841850582829064;0.5735269702995588
day;Norm;0.002845933233347235;0.34153876926987786
day;Rebecca;-0.0018855684049725325;0.5285844050812212
day;Sam;0.0034740401441173416;0.24562246857378753
day;Woody;0.0011121453039914387;0.7101270235455965
drake;Carla;-0.0030095193095434104;0.31451130113245396
drake;Cliff;-0.003502604650443759;0.2417618928672216
drake;Coach;-0.004568184452433728;0.1268302563993737
drake;Diane;-0.00669767193143632;0.02519330492280923
drake;Eddie;0.000329763703204558;0.9122436747729501
drake;Frasier;-0.005551963902675526;0.06352304773235672
drake;Gary;-0.002879431723241482;0.3358865227811185
drake;Kelly;-0.003200029352171208;0.28485747718827786
drake;Lilith;-0.002141202170816421;0.4742365509337387
drake;Nick;-0.0026026404521116036;0.3843993580903631
drake;Norm;0.0028985880209191324;0.33268147211964494
drake;Rebecca;0.021973212980082625;2.065894331976084e-13
drake;Sam;-0.004325763128510636;0.14826086442094244
drake;Woody;0.0009037188557010165;0.7626306250515502
ever;Carla;-0.004241886891790873;0.1562872865708514
ever;Cliff;0.004218639308714691;0.15856924447945359
ever;Coach;0.0011488937608499393;0.7010028646272671
ever;Diane;0.0007701402451763255;0.796881306699534
ever;Eddie;-0.0016320111168192015;0.585459253859907
ever;Frasier;-0.006199837644354274;0.0382615752564676
ever;Gary;-0.0001760631843601328;0.9530784861650656
ever;Kelly;-0.0013702364389326567;0.6469947249859966
ever;Lilith;-0.0020944441963922414;0.4839422219626977
ever;Nick;-0.0019152253869033787;0.5221206092323257
ever;Norm;0.0126966970715043;2.2007949421448338e-05
ever;Rebecca;-0.0034485896276964987;0.2490984230003386
ever;Sam;-0.0125803754559344;2.6154371016248296e-05
ever;Woody;-0.005670802170326804;0.05806192794616389
everybody;Carla;-0.0038436190647626466;0.19894453432162393
everybody;Cliff;0.00466005995263828;0.11936904424045124
everybody;Coach;0.0007716543774253174;0.7964907318154122
everybody;Diane;-0.01233603422568603;3.7408220368077144e-05
everybody;Eddie;-0.0036207017879399794;0.22625456108149147
everybody;Frasier;-0.009185077450035625;0.002142231908033807
everybody;Gary;-0.004751243268481282;0.11230852380862487
everybody;Kelly;-0.0054201291927717405;0.07007094665194102
everybody;Lilith;-0.007006256557250787;0.0192033319471886
everybody;Nick;-0.005448409014686263;0.06862156196972408
everybody;Norm;0.03170622688285238;3.0096231330498007e-26
everybody;Rebecca;-0.005421599436543188;0.06999498018908702
everybody;Sam;-0.01770272680816983;3.2823126548473016e-09
everybody;Woody;-0.00509820218705196;0.08840730441755114
excuse;Carla;-0.0049864210323869625;0.09561365635051639
excuse;Cliff;-0.0047762477229611345;0.11043105232272417
excuse;Coach;-0.00416694632149879;0.16373365176890156
excuse;Diane;0.010240801989587716;0.0006201959633929604
excuse;Eddie;-0.0008511404566638927;0.7760608664420195
excuse;Frasier;-0.0018397582878291123;0.5386482610779328
excuse;Gary;-0.0009885154115071198;0.7411221898104128
excuse;Kelly;-0.002262153242591625;0.44963382033281996
excuse;Lilith;-0.00027348361144466046;0.9271749174806883
excuse;Nick;0.00022030523724498327;0.9413069610165457
excuse;Norm;-0.01007536150819588;0.000758999541004965
excuse;Rebecca;0.006090825906655089;0.0417897266276843
excuse;Sam;-9.303110791347366e-05;0.9751965416307828
excuse;Woody;-0.0015866466647942792;0.5959269537321207
fact;Carla;-0.0019487893243260337;0.5148546137604373
fact;Cliff;0.006044191016536143;0.04338110644510948
fact;Coach;-0.002963098273440071;0.3220339916221309
fact;Diane;-0.00012336228957430948;0.9671138211674273
fact;Eddie;-0.0017927505520359942;0.5490741493570439
fact;Frasier;0.001349510690974728;0.6519791189083217
fact;Gary;-0.0018918934892150651;0.527202430326082
fact;Kelly;0.004881236117757889;0.10281711783893392
fact;Lilith;0.0014103345426593641;0.6373963966360903
fact;Nick;0.0008613053153474176;0.7734590634443894
fact;Norm;-0.001548793830007476;0.6047261096978027
fact;Rebecca;-0.003505610038755091;0.2413582025522938
fact;Sam;-0.010716454699239025;0.00034149130159010616
fact;Woody;-0.0009253607839793671;0.7571230073193768
filmed;Carla;0.0026402152304626256;0.37757312344497646
filmed;Cliff;0.00034756828553334917;0.9075262670940342
filmed;Coach;-0.0062325749478625465;0.037252794222013504
filmed;Diane;-0.0029548597803849518;0.3233812379236576
filmed;Eddie;0.0007761015676534147;0.7953438609973815
filmed;Frasier;0.008582057027393663;0.004127807800712405
filmed;Gary;0.0029830335065320446;0.31878914788840845
filmed;Kelly;0.0018665897811435228;0.532742107173886
filmed;Lilith;0.005136598310716156;0.08603543655642747
filmed;Nick;-0.0010063015799877686;0.7366356888276147
filmed;Norm;0.003300064011833783;0.27006909446932464
filmed;Rebecca;0.005603082116390538;0.061124042350259845
filmed;Sam;-0.0031463054442866034;0.29302164117465007
filmed;Woody;0.014910016952058678;6.25119113902721e-07
gee;Carla;0.005293939885726763;0.07684754659635554
gee;Cliff;0.011178975513888925;0.00018682587906760766
gee;Coach;0.001287349308929652;0.6670212483024069
gee;Diane;0.0004424519037924896;0.8824453734080254
gee;Eddie;0.005207999077100005;0.08176158155769567
gee;Frasier;0.0006085545807086001;0.8388360972128975
gee;Gary;-0.0007805114637746645;0.7942070443145901
gee;Kelly;-0.005183463701283392;0.083210350067844
gee;Lilith;0.010247149542612173;0.000615373408602598
gee;Nick;7.36569215642139e-05;0.980360803485216
gee;Norm;0.0042627387640198165;0.15426175861682986
gee;Rebecca;-7.220944833748796e-05;0.9807466686169859
gee;Sam;0.0005981415645017443;0.8415569267226936
gee;Woody;0.007213448630169968;0.015917244919264422
get;Carla;0.0064099810542908855;0.03217138418621769
get;Cliff;0.00046560505110681194;0.8763420932839099
get;Coach;0.010086873045613582;0.0007484775829446207
get;Diane;-0.001559949578313619;0.6021268240316314
get;Eddie;0.001028921702528716;0.7309428011755551
get;Frasier;-0.004756908199871972;0.1118809796149588
get;Gary;0.01244045518177608;3.212809673111272e-05
get;Kelly;0.008771917229608694;0.003371319860870278
get;Lilith;0.002175773419386284;0.4671298441039755
get;Nick;-0.00010693146650324488;0.971491976965228
get;Norm;-0.0014096956804424733;0.6375488515868781
get;Rebecca;0.0009500577262516178;0.7508529731018594
get;Sam;0.0011592966432850153;0.6984277103961639
get;Woody;0.0022553103829851037;0.45100613130602873
give;Carla;0.003281759918898601;0.27273492101111824
give;Cliff;-0.007023155979396669;0.018914680685696444
give;Coach;0.0015381236183613296;0.6072169637780513
give;Diane;0.0006780343748694207;0.8207324361904152
give;Eddie;0.001676026616620473;0.5753851983954161
give;Frasier;-0.007408564202640069;0.0132856538928356
give;Gary;0.003218181703895256;0.2821340650954424
give;Kelly;0.0023767915458427938;0.4269983486682398
give;Lilith;0.0006680639329513278;0.8233247134991905
give;Nick;0.0026365671332518183;0.37823258248129
give;Norm;0.0030725218117312464;0.30448782505018224
give;Rebecca;0.0022884560613131233;0.44438098026166417
give;Sam;0.0007018175751318388;0.8145568448002215
give;Woody;6.571838241723764e-05;0.9824771008467855
glad;Carla;-0.0040118219193144185;0.1799920707065254
glad;Cliff;-0.009212792426075247;0.002076731417030702
glad;Coach;-0.0033623962395435856;0.26112528667894286
glad;Diane;-0.00602402490255585;0.04408495239624325
glad;Eddie;-0.005399835170725672;0.07112645395789738
glad;Frasier;-0.00735161853700431;0.014010792492002676
glad;Gary;-0.0038024926898914692;0.20379283076567467
glad;Kelly;-0.004573694090569946;0.12637282136204403
glad;Lilith;-0.0058572925313314424;0.050281925633241534
glad;Nick;0.0005620013278245617;0.8510145396890655
glad;Norm;-0.011267064877927547;0.00016612456192321572
glad;Rebecca;-0.00014156313558953064;0.9622651876883055
glad;Sam;-0.01398539863835858;2.9505915074684223e-06
glad;Woody;-0.009115919544275933;0.0023140217469298932
god;Carla;0.0012985566341353106;0.6642991091510155
god;Cliff;0.0005008537888479732;0.8670645784380588
god;Coach;-0.0037482545956564048;0.21031755213196807
god;Diane;-0.0046164693077298076;0.12286500926883498
god;Eddie;-0.0035941851807164337;0.22967311636468074
god;Frasier;0.0040109667159839504;0.18008491356997408
god;Gary;-0.001514046090613147;0.612854377275
god;Kelly;-0.005086126824731094;0.0891640451472023
god;Lilith;-5.670949229673409e-05;0.9848788865520794
god;Nick;0.0011979639661401902;0.6888865067065943
god;Norm;-0.0042563249206775166;0.1548826567896484
god;Rebecca;0.001603823996995153;0.5919533072886428
god;Sam;0.0016667672170650365;0.5774976293519198
god;Woody;-0.004899880400957168;0.10150972297706645
going;Carla;0.002366187382070067;0.4290638647668201
going;Cliff;-0.000641974920696693;0.8301168172967742
going;Coach;-0.001394910886141297;0.6410812955954013
going;Diane;0.004867675475392408;0.10377641803434229
going;Eddie;0.002279221924654895;0.4462210954345127
going;Frasier;-0.0009970805272996068;0.7389605586646351
going;Gary;-0.004015102297252633;0.17963627510287208
going;Kelly;0.0006182051669146055;0.8363162020646793
going;Lilith;0.0045016628702178214;0.13245541345904357
going;Nick;0.0005549209295653943;0.8528699818113314
going;Norm;-0.001673677494057659;0.5759207792834874
going;Rebecca;0.0068418546317131216;0.022218358138156716
going;Sam;0.0019157999659473151;0.5219957810757507
going;Woody;-0.0004595609931225754;0.8779346419021912
gonna;Carla;0.007178336880338032;0.01643665792475182
gonna;Cliff;0.0022815196752392127;0.4457628104927077
gonna;Coach;-0.007400553444251744;0.013385614130766646
gonna;Diane;-0.0040399418569957305;0.17695908306954145
gonna;Eddie;-0.006449929608574139;0.031112869504585142
gonna;Frasier;-0.007643696233098492;0.010630844103573046
gonna;Gary;0.015792459800072517;1.3041605392967104e-07
gonna;Kelly;-0.001880162069833435;0.529767101656791
gonna;Lilith;-0.0055533340374809255;0.0634577466066697
gonna;Nick;-0.001494118861064441;0.6175374640281598
gonna;Norm;0.0040678803826911;0.17398353493450452
gonna;Rebecca;0.0030806504504420455;0.30321020691333495
gonna;Sam;0.0009021966153956282;0.7630184738548024
gonna;Woody;0.004581769885191683;0.1257046552349619
good;Carla;-0.0010859286688409261;0.7166618526788119
good;Cliff;-0.0009943002983243878;0.739661997063712
good;Coach;0.0063878416529259035;0.032771193465236936
good;Diane;0.009233938304953806;0.0020279972293709447
good;Eddie;0.0014648883766231907;0.6244350827578602
good;Frasier;0.002680102975464653;0.37040900355517664
good;Gary;-0.000841810005890457;0.7784513087422118
good;Kelly;-0.007258867301066892;0.0152668032962828
good;Lilith;0.0006886342883415421;0.8179786450879719
good;Nick;0.004790735190728621;0.10935464959454073
good;Norm;-0.0028077180263388645;0.34806075614932597
good;Rebecca;-0.0034750659823820115;0.2454830794215967
good;Sam;0.008114730290992227;0.006687165821060527
good;Woody;-0.0066804066390178584;0.025571678537930544
got;Carla;0.00491334503426728;0.10057379989533922
got;Cliff;0.013189878263133819;1.0417303402014237e-05
got;Coach;0.004027800853663841;0.17826389530873135
got;Diane;-0.0062759376315199384;0.03595152557201363
got;Eddie;-0.0009905069459952;0.740619390897453
got;Frasier;-0.007296186123159956;0.014749991397056409
got;Gary;0.0036190985742696564;0.22646021257340052
got;Kelly;-0.005751256997955268;0.0545907611233836
got;Lilith;0.0013162808022534958;0.6600031359033527
got;Nick;0.005543657451458287;0.06392012575823489
got;Norm;0.00634108289630411;0.03406952830972434
got;Rebecca;-0.0022179533608095692;0.45853960879157446
got;Sam;0.001116321752346272;0.7090879415379713
got;Woody;0.006963658415395082;0.019948076699905525
great;Carla;-0.0010993055708806362;0.7133248621567534
great;Cliff;-0.0015328233467939885;0.6084559594878158
great;Coach;-0.0012303787487858724;0.6809260064515823
great;Diane;-0.0011371840083315159;0.7039056385348185
great;Eddie;0.003076754794322369;0.30382206102834175
great;Frasier;-0.007297122559682966;0.014737223847104575
great;Gary;-0.0017548782765314775;0.5575456710554854
great;Kelly;-0.00450015279086581;0.13258531521783387
great;Lilith;-0.006125173616022026;0.040649484676593454
great;Nick;0.0020854662323764846;0.48581805381125276
great;Norm;0.0019089409834581763;0.5234869063655483
great;Rebecca;-0.0005894123777392926;0.843839246669418
great;Sam;0.0033043471862172135;0.2694478774456961
great;Woody;0.00236622846795371;0.42905585072215013
guess;Carla;-0.004455664067237179;0.1364568111910072
guess;Cliff;0.004205309956024164;0.15988896770308456
guess;Coach;-0.0023234886332577963;0.43743943900317805
guess;Diane;-0.0008789692580726599;0.7689438558360033
guess;Eddie;0.002005375365030874;0.5027247575104034
guess;Frasier;-0.001432593524078991;0.6320942394305763
guess;Gary;-0.002930539910415449;0.3273796781334467
guess;Kelly;-0.002112836282743349;0.48011172720691786
guess;Lilith;-0.0001073894156054828;0.9713699396316421
guess;Nick;0.002229775624687654;0.45614791138044847
guess;Norm;0.0033809702055137324;0.25850024481040473
guess;Rebecca;-0.0038469376108802673;0.19855702572082476
guess;Sam;-0.0017683117656841954;0.554533509431002
guess;Woody;-0.006095462592748844;0.04163423903179333
guy;Carla;-0.001339942232129188;0.6542855382731563
guy;Cliff;0.00258662282877609;0.38733209672761454
guy;Coach;0.002236088292825001;0.4548737087538374
guy;Diane;-0.011749558548837838;8.604564152216923e-05
guy;Eddie;-0.0001729327402346702;0.953911824646955
guy;Frasier;-0.014225535073769054;1.989415637471409e-06
guy;Gary;0.018678173226326165;4.2953727595701996e-10
guy;Kelly;-0.0013996383716944898;0.6399508960724701
guy;Lilith;-0.005585163357952104;0.061956292986076134
guy;Nick;-0.0031090174269417428;0.2987795812527139
guy;Norm;0.009010201686635562;0.0026011238051612787
guy;Rebecca;-0.006098900430438495;0.041519270320821956
guy;Sam;0.0073232745808814005;0.01438457474165132
guy;Woody;-0.0010221155656268605;0.7326541847301835
guys;Carla;-0.003953615536392903;0.1863925857815646
guys;Cliff;0.002958960626723851;0.32271016524234214
guys;Coach;-0.004171368404879656;0.16328696391180153
guys;Diane;-0.00853899273295439;0.004319527136038412
guys;Eddie;-0.004943147214093767;0.09852671546596821
guys;Frasier;-0.0092829229369428;0.0019191086352203894
guys;Gary;0.01730350995164384;7.322056364589673e-09
guys;Kelly;-0.0024443905002532575;0.4139680656593435
guys;Lilith;-0.003088894879492987;0.3019180344992255
guys;Nick;-0.0036797638738510843;0.21877107176893612
guys;Norm;0.0066933805845146525;0.02528689554843203
guys;Rebecca;-0.0014544840811819882;0.6268982261238997
guys;Sam;0.0025476295774718013;0.39452836778990213
guys;Woody;0.0019128684504741576;0.5226328177291184
hey;Carla;0.006162196947244413;0.039450063197965644
hey;Cliff;0.030617034679273715;1.3849676406440211e-24
hey;Coach;-0.009492335861894427;0.0015115081474517459
hey;Diane;-0.011875681311373941;7.215634289658964e-05
hey;Eddie;0.01202712056126203;5.827760947088383e-05
hey;Frasier;-0.004501796201670448;0.13244394860721032
hey;Gary;0.010971702082985934;0.0002454928615828644
hey;Kelly;-0.004855511496177757;0.10464295505333888
hey;Lilith;-0.008208905393359226;0.006078623231693572
hey;Nick;-0.0002891915898864039;0.9230047440205055
hey;Norm;0.025107990699553877;4.7567549050274794e-17
hey;Rebecca;-0.002742871567183514;0.3593076017960876
hey;Sam;0.000943423502269905;0.7525356669610647
hey;Woody;0.019706859850060328;4.4944949791545694e-11
huh;Carla;-0.008273323828245076;0.0056915830487704495
huh;Cliff;0.02623767909517559;1.7820103747514456e-18
huh;Coach;-0.012846351791404215;1.7587664869492293e-05
huh;Diane;-0.012808526352658148;1.861732409766194e-05
huh;Eddie;0.0007553365366806397;0.8007026327859018
huh;Frasier;-0.0043762088365655654;0.1435874680285156
huh;Gary;0.01036112319149246;0.0005345058466036465
huh;Kelly;0.00031110196368641673;0.9171915090631041
huh;Lilith;0.00024116092879211811;0.9357621528570412
huh;Nick;0.0002874120414510439;0.9234770766062309
huh;Norm;0.012442698158415387;3.202285125062039e-05
huh;Rebecca;-0.001207350095193013;0.6865778448548456
huh;Sam;0.00064552226594369;0.8291925311355748
huh;Woody;0.002378561731750698;0.4266541109543785
kind;Carla;-0.005003586779262511;0.09447738745705299
kind;Cliff;-0.007041948932154016;0.01859814926746325
kind;Coach;0.004569990476549664;0.12668017034617252
kind;Diane;-0.00237447676580416;0.42744873454722226
kind;Eddie;-0.0014463008419693974;0.6288384787460325
kind;Frasier;-0.004441350423057598;0.13772079072928872
kind;Gary;0.001697968099470161;0.570394119679308
kind;Kelly;0.002791496367377965;0.35085300110033857
kind;Lilith;-0.004730836358429432;0.11385936347946145
kind;Nick;-0.0037899744622308254;0.20528550941045423
kind;Norm;0.0014013596219158626;0.639539531391289
kind;Rebecca;-0.004926940453339641;0.09963577687412356
kind;Sam;-0.0004931387277917749;0.8690936739558754
kind;Woody;0.00985884699665962;0.000984344055941693
know;Carla;-0.004001626263748224;0.18110125239090288
know;Cliff;0.006025639951025407;0.04402823041460028
know;Coach;-0.01167592485488272;9.528511897618944e-05
know;Diane;-0.012778815242877802;1.9466106151292847e-05
know;Eddie;0.001000194714534504;0.738175122068178
know;Frasier;0.00017299881488591195;0.9538942347501206
know;Gary;-0.004754000741684065;0.11210025090105763
know;Kelly;-0.0020905446546068364;0.48475649886057687
know;Lilith;0.00034281539189624094;0.9087852564680391
know;Nick;-0.0017682518986905137;0.5545469155989255
know;Norm;-0.0021238055720212905;0.47783506125750885
know;Rebecca;-0.005339385156433759;0.07434796306699974
know;Sam;-0.00612145065631323;0.040771787778067184
know;Woody;0.0031768347640563233;0.2883631790068073
knows;Carla;-0.006605548169898886;0.027269627718210926
knows;Cliff;-0.002479035786337321;0.4073821025564077
knows;Coach;-0.006084092795401172;0.04201639112983932
knows;Diane;-0.008733714520982715;0.0035125368461922228
knows;Eddie;-0.005993460428816922;0.045170089358101455
knows;Frasier;-0.00629710243264256;0.035330597066924596
knows;Gary;-0.0036115773413791254;0.22742677550631715
knows;Kelly;-0.004793188158107902;0.10917322077434333
knows;Lilith;-0.00751810916182433;0.011983460339497808
knows;Nick;-0.005256810634854985;0.07894020726017244
knows;Norm;-0.007400745167556063;0.013383214017187114
knows;Rebecca;-0.007206377984751386;0.01602066599151961
knows;Sam;-0.01995328523333094;2.5725932352527726e-11
knows;Woody;-0.004821571073402985;0.1070912031903357
let;Carla;-0.006378978521409832;0.033013987148068205
let;Cliff;0.004486771718198269;0.13374071131064974
let;Coach;0.003659228726168036;0.22135256085484997
let;Diane;0.0015828177663485263;0.596814350461022
let;Eddie;-0.007099001367574546;0.017665430233200177
let;Frasier;0.0012734903462651463;0.6703935094698474
let;Gary;0.003250547892360371;0.2773220743392944
let;Kelly;-0.0029743837623260054;0.320194422478121
let;Lilith;0.0017811233967170168;0.5516682207477109
let;Nick;-0.005300913282616041;0.0764596047803472
let;Norm;-0.0001825985352779786;0.9513389123882142
let;Rebecca;0.0002336555001110624;0.9377572424486667
let;Sam;0.0034014797069906837;0.2556229697670201
let;Woody;-0.0004945347146340256;0.8687264588907594
life;Carla;-0.005981843650995296;0.04558838666925486
life;Cliff;-0.002548756195815651;0.3943193204382722
life;Coach;-0.00017204840585033907;0.9541472476546327
life;Diane;-0.0006757637908375318;0.8213226084058044
life;Eddie;0.0021626450782140606;0.46982161956451046
life;Frasier;0.009591513380316562;0.001347751678666666
life;Gary;-0.007564183318041283;0.011470457972364425
life;Kelly;-5.305577511415191e-05;0.9858530141730703
life;Lilith;0.008040299800391577;0.007206284444026394
life;Nick;-0.0031242178101148063;0.296423313032097
life;Norm;0.008637522237819127;0.0038922648308078833
life;Rebecca;0.00018358113707353882;0.951077384181269
life;Sam;0.0012965812353747336;0.6647785922521655
life;Woody;-0.008267033897408075;0.005728370290823295
like;Carla;0.0009905708753307242;0.7406032526139189
like;Cliff;-0.002168186842211965;0.46868431723347254
like;Coach;0.0005034656588470087;0.866377842686119
like;Diane;-0.0011151738026583266;0.7093734925432477
like;Eddie;0.0009158375813074742;0.759545050382627
like;Frasier;-0.004485803308846648;0.13382463046833418
like;Gary;-0.002719995511421948;0.3633290705028287
like;Kelly;0.0036547110169087055;0.22192340325485072
like;Lilith;-0.0014557511506273011;0.6265980331152408
like;Nick;-0.0037074158787020377;0.21532918369302392
like;Norm;-0.008192848918794855;0.006178713330813384
like;Rebecca;-0.009144112918709852;0.0022425199008068914
like;Sam;-0.006390203773989622;0.032706744925603104
like;Woody;0.006101407772559279;0.04143558901617952
listen;Carla;0.00392142900221992;0.190003331456819
listen;Cliff;-0.0009178087711900257;0.7590435217545746
listen;Coach;0.0031942610104985446;0.28572661712131714
listen;Diane;0.0035434654244566395;0.23631398607095952
listen;Eddie;0.0017412343834476368;0.5606131400413364
listen;Frasier;-6.039433332326858e-05;0.9838964837538241
listen;Gary;0.004625089229170459;0.12216742191034219
listen;Kelly;0.0004589922089377383;0.8780845363641416
listen;Lilith;-0.003248023146154454;0.27769541411560744
listen;Nick;-0.0011159100816990144;0.7091903393826533
listen;Norm;-0.005694894280124456;0.0570037598637391
listen;Rebecca;-0.00064848616385233;0.8284204475468987
listen;Sam;0.005790329418935155;0.05296848695991185
listen;Woody;0.0037561273374828326;0.20936121141653097
little;Carla;-0.0010553717667733658;0.7243047839873322
little;Cliff;0.0073456185055101614;0.014089193997967348
little;Coach;-0.0019196338618265776;0.5211632544272685
little;Diane;-0.008281893871549153;0.005641803305644169
little;Eddie;-0.0019138026826617156;0.5224297598831912
little;Frasier;0.0042509202726402715;0.15540733080674035
little;Gary;-0.0014364733137878045;0.6311719845619057
little;Kelly;0.0040557026543587;0.17527587719585452
little;Lilith;0.0014956790350898125;0.6171702435476837
little;Nick;-0.000709174795154826;0.8126487672372886
little;Norm;0.006793201203678831;0.023186157617056797
little;Rebecca;0.003074017584155299;0.30425245920912264
little;Sam;0.0010468720001641483;0.7264356890145006
little;Woody;0.003938495971161405;0.18808236173490966
look;Carla;0.008371690081183644;0.005143345573370017
look;Cliff;0.006794965554214036;0.023150432233085043
look;Coach;-0.004303052036143554;0.15040242090240988
look;Diane;-0.0024507018066907064;0.4127636344489919
look;Eddie;0.008348975557446313;0.005265524260962214
look;Frasier;-0.004077714961946237;0.17294506126555712
look;Gary;-0.001333437395791014;0.6558553782785763
look;Kelly;0.004244458008172625;0.156036446212242
look;Lilith;0.001856370032498138;0.534987811562579
look;Nick;0.0005885747581667938;0.8440583186944627
look;Norm;-0.002083952242536592;0.4861347699890163
look;Rebecca;-0.0015426550356865288;0.6061585901103493
look;Sam;-0.0042581367229337;0.15470707152607402
look;Woody;0.004281821858829716;0.15242558616536353
lot;Carla;-0.003629694809022678;0.22510345553520483
lot;Cliff;-0.0033131877800460113;0.2681687703349529
lot;Coach;-0.0005659264562438455;0.8499863011863921
lot;Diane;-0.0017355168061803498;0.5619010120698912
lot;Eddie;-0.001658448525930402;0.579398556263978
lot;Frasier;-0.003405405926665348;0.2550747090008229
lot;Gary;-0.0038753620834023313;0.19526047010268271
lot;Kelly;0.0010475224221603394;0.7262725521261737
lot;Lilith;-0.0077777655540347684;0.009338321649909555
lot;Nick;-0.0024825747914289206;0.40671288328194755
lot;Norm;-0.007963810857079768;0.0077771672878502755
lot;Rebecca;-0.004641449973411018;0.12085190796453599
lot;Sam;-0.0013326429162591141;0.6560472178151078
lot;Woody;0.0036064928499152053;0.2280818534501577
love;Carla;-0.007512923756646193;0.012042450825423469
love;Cliff;-0.0019131838492548298;0.522564260434002
love;Coach;-0.007989655480733169;0.0075798940835888114
love;Diane;0.01099846551949639;0.00023704777376246572
love;Eddie;-0.00043617651178393373;0.8841008152206683
love;Frasier;0.013804454499044851;3.954714417380395e-06
love;Gary;-0.007719191039711895;0.009884705851121396
love;Kelly;0.019495641006150796;7.21228056175643e-11
love;Lilith;0.004402351689160346;0.14121041243772486
love;Nick;0.006216103875404883;0.03775747462169545
love;Norm;-0.010011772359953196;0.000819639294284958
love;Rebecca;-0.0005048067920183446;0.8660252593555331
love;Sam;-0.0028103334631115764;0.3476118853783133
love;Woody;0.003720719163461313;0.21368727396220205
make;Carla;-0.0018480440358534715;0.5368209018704817
make;Cliff;0.0007838653154101454;0.7933427552437843
make;Coach;-0.005446298178405022;0.0687288878623323
make;Diane;0.0011841232880057961;0.6922961207850484
make;Eddie;-0.00427672805924567;0.15291407545297167
make;Frasier;-0.0050955640918230755;0.08857218547747105
make;Gary;-0.0003481905702753931;0.9073614478230428
make;Kelly;0.0018314017717844598;0.5404943815548364
make;Lilith;0.003199416426609452;0.28494974421456076
make;Nick;0.000927133922586179;0.7566723061524321
make;Norm;-0.006207008102647899;0.03803865739937676
make;Rebecca;-0.003483140763902508;0.2443878288633722
make;Sam;-0.002048676818616279;0.4935456563324553
make;Woody;0.0034426592502545044;0.2499132921146822
making;Carla;-0.0015481225644316454;0.6048826747707383
making;Cliff;-0.001731823040516022;0.5627337844213919
making;Coach;-0.0047577831899018284;0.11181505691076594
making;Diane;0.0014319563733135253;0.6322457496875031
making;Eddie;-0.005541358384950102;0.0640303908231228
making;Frasier;0.0027002832449258356;0.36681686205331726
making;Gary;-0.0007527872227932647;0.8013611793355201
making;Kelly;0.0025221014438395768;0.3992831386028595
making;Lilith;0.0048790953100529;0.10296809123300314
making;Nick;-0.005066425864878703;0.09040986056436078
making;Norm;-0.004927914701459982;0.09956882697979048
making;Rebecca;0.0007786935578815869;0.79467562516655
making;Sam;-0.006030952477012241;0.04384208409753023
making;Woody;-0.004340521226290544;0.14688177670418154
man;Carla;-0.005931749194267097;0.04742976207594311
man;Cliff;0.0003879900349868632;0.8968286934527165
man;Coach;0.0006560683647668103;0.8264460704266666
man;Diane;0.002288431387881176;0.4443858912364174
man;Eddie;-0.0026939296768022526;0.3679454645154791
man;Frasier;0.015353327243082233;2.874833857745724e-07
man;Gary;-0.000735114889471752;0.8059302074469793
man;Kelly;-0.001993073213620566;0.5053489489734505
man;Lilith;0.003995007995195699;0.18182396240112264
man;Nick;0.005605891852374815;0.06099438561927456
man;Norm;0.028281123038325622;3.2735651768824785e-21
man;Rebecca;-0.003107668449494295;0.29898929366919275
man;Sam;0.002833213695829184;0.34370080741852294
man;Woody;0.008296642330439625;0.005557054587377369
maybe;Carla;7.712364222566036e-05;0.9794366694059783
maybe;Cliff;-0.0030517980763358514;0.30776122602559686
maybe;Coach;-0.0002177858478563993;0.9419769776483575
maybe;Diane;-0.0026293451705253594;0.37954017225389386
maybe;Eddie;0.0053305532913870465;0.07482846288264479
maybe;Frasier;-0.002868696676849754;0.3376912698007596
maybe;Gary;-0.006525786185487846;0.029184995715541052
maybe;Kelly;-0.001987533979943181;0.5065328828447985
maybe;Lilith;-0.004935692914860609;0.0990355978066033
maybe;Nick;-0.00081520422098542;0.7852791041609695
maybe;Norm;-0.003607194129234021;0.227991421890071
maybe;Rebecca;0.0006194666096037398;0.8359869462749754
maybe;Sam;0.009055338880344587;0.0024747763612586633
maybe;Woody;-0.0009567595081678203;0.7491543463039234
mean;Carla;-0.0037005993075345566;0.21617400756491284
mean;Cliff;-0.0017613916328372585;0.5560842012929997
mean;Coach;-0.006098261119722274;0.04154062988070951
mean;Diane;-0.004597742437089141;0.12439124483419563
mean;Eddie;0.0025748792896072526;0.38949091789633195
mean;Frasier;-0.0017786602092359233;0.5522185410760153
mean;Gary;0.002950718356157132;0.3240598732712926
mean;Kelly;-0.004513717111202038;0.13142200115687414
mean;Lilith;-0.0019139539426347532;0.5223968869400752
mean;Nick;0.000485044990835556;0.8712232896631124
mean;Norm;-0.0086443692962487;0.0038640503230435545
mean;Rebecca;0.0004506261922349324;0.8802897755792932
mean;Sam;-0.0004403133466067932;0.8830094652450861
mean;Woody;0.004920962042262456;0.10004739722462645
minute;Carla;0.005919455774530246;0.04789108110764963
minute;Cliff;0.0036286122995898553;0.22524179472740477
minute;Coach;-0.0026162939600593467;0.381910231185177
minute;Diane;-0.0013413946108221646;0.6539352379012163
minute;Eddie;0.005326643257257277;0.07504199776912572
minute;Frasier;-0.005969403725221508;0.046039938363948235
minute;Gary;-0.0019261333357146627;0.5197534634394276
minute;Kelly;-0.0012567573485110868;0.6744739629986995
minute;Lilith;-0.00359264067393992;0.22987336254957189
minute;Nick;0.0007243949126592832;0.8087050066724506
minute;Norm;-0.0026160358716726707;0.38195719057749
minute;Rebecca;0.0007444785655467074;0.8035084745471253
minute;Sam;0.008688786974343237;0.0036854868741930977
minute;Woody;-0.0031601011945084716;0.2909103310641371
miss;Carla;0.0014392996646619273;0.6305005011949021
miss;Cliff;-0.0025856092667083342;0.38751813220286735
miss;Coach;-0.004682011752946206;0.11763826946241883
miss;Diane;0.03167269587422437;3.392808252723907e-26
miss;Eddie;-0.005203701572021945;0.08201385264136937
miss;Frasier;-0.006139244744589766;0.04019003854999011
miss;Gary;-0.0010703780430793672;0.72054790540039
miss;Kelly;0.00205501316962355;0.49221003410482955
miss;Lilith;-0.008330137896689948;0.005368831826921277
miss;Nick;0.0028868972553417827;0.33463510457667944
miss;Norm;-0.005155498918462597;0.08488690467863083
miss;Rebecca;0.1243242577389706;0.0
miss;Sam;-0.008310180492450688;0.005480273610420642
miss;Woody;0.038098132399082704;3.67156257586147e-37
name;Carla;-0.007022770747253174;0.018921218162259456
name;Cliff;-0.0047697131013068605;0.11091929812985665
name;Coach;0.0028626894577584838;0.33870390086223423
name;Diane;-0.006812861345780312;0.022790762820280558
name;Eddie;-0.002911180236513061;0.3305854551725355
name;Frasier;-0.009656826953840791;0.0012490210601234606
name;Gary;-0.005087361994866611;0.08908640054116236
name;Kelly;-0.007397767259695017;0.013420536310025558
name;Lilith;-0.007377942947593398;0.013671348286160482
name;Nick;0.0006337504204513622;0.832260672058662
name;Norm;-0.009737948878750149;0.0011356980339538873
name;Rebecca;-0.00040895855752148716;0.8912866498532098
name;Sam;-0.018718684147774597;3.9386341005314203e-10
name;Woody;-0.003862620295999743;0.19673321435083413
never;Carla;-0.003100924328390802;0.30003920967888165
never;Cliff;0.001252915902378336;0.6754120834590694
never;Coach;0.003630475258658692;0.22500375570311912
never;Diane;0.00361412102847329;0.22709955459403194
never;Eddie;-0.0017521763870565377;0.5581524703380396
never;Frasier;-0.0026453307215802404;0.37664960091601263
never;Gary;0.0025630659243786272;0.3916699439694958
never;Kelly;0.001010078005385002;0.7356842466876369
never;Lilith;0.004688291045669522;0.11714682248171521
never;Nick;0.003858129695700003;0.19725418882794848
never;Norm;-0.0022036260271672183;0.4614474934890369
never;Rebecca;-0.00235713000473391;0.43083268289116733
never;Sam;-0.005776040832008424;0.05355700976888365
never;Woody;-0.006303568709263373;0.03514272545784551
night;Carla;0.006699353124904229;0.025156721347381283
night;Cliff;0.007105032846070088;0.017569262798974722
night;Coach;0.011604014098300659;0.00010520664184488324
night;Diane;0.006925201710942291;0.02064194655251067
night;Eddie;0.010869868403582405;0.0002802752659262073
night;Frasier;-0.0016895161856847064;0.5723142514230628
night;Gary;-0.0011021241323704023;0.7126224428006671
night;Kelly;-0.004056439600561989;0.17519746690022922
night;Lilith;0.001067459364186296;0.721278082880275
night;Nick;-0.0008317073449804202;0.7810419546742249
night;Norm;-0.0018814692008965427;0.5294810288095418
night;Rebecca;-0.0017589885499920016;0.5566231884537489
night;Sam;0.009428180631459022;0.001626999894396682
night;Woody;-0.00273456412041368;0.3607647537580643
norman;Carla;-0.004873066903191657;0.10339417202963402
norman;Cliff;0.0033223603873315122;0.26684604173288723
norman;Coach;0.004037032632987695;0.1772710917275469
norman;Diane;0.009804243639216064;0.0010502284513200602
norman;Eddie;-0.003533411215333247;0.23764637702995245
norman;Frasier;-0.006385480366124049;0.03283572789653833
norman;Gary;-0.0035741456454199336;0.23228090433635415
norman;Kelly;-0.0039720931328083246;0.18434277803246904
norman;Lilith;-0.005310670108198539;0.07591949794981366
norman;Nick;-0.0032305735758291197;0.2802850761334602
norman;Norm;0.13884715211776683;0.0
norman;Rebecca;-0.007807518676345235;0.009071239314575843
norman;Sam;-0.010178407759177182;0.0006695077118479748
norman;Woody;-0.005702757484306383;0.05666188598067988
old;Carla;-0.0006194788439631949;0.835983753061071
old;Cliff;0.005659092106129578;0.05858212003485878
old;Coach;0.0010371304224169532;0.7288805229897628
old;Diane;0.002163425978841318;0.46966126785169254
old;Eddie;-0.0023256405697734063;0.4370150869678603
old;Frasier;-0.0006246417247568405;0.8346364636286024
old;Gary;0.016852349771343558;1.7756170307392758e-08
old;Kelly;0.0004921881927334227;0.8693437288610601
old;Lilith;-0.0035152171509004737;0.24007093808493435
old;Nick;-0.00037922848419784773;0.8991459054893647
old;Norm;0.0013367844145700679;0.6550474374929571
old;Rebecca;0.007482016759990023;0.012399425430782835
old;Sam;0.006754327989488612;0.023985516215262983
old;Woody;0.0015125618163701565;0.6132026545795208
one;Carla;-0.0021865975226836813;0.4649169669390802
one;Cliff;-0.002519347003438935;0.39979822280973215
one;Coach;0.003537313972196508;0.23712855218467482
one;Diane;0.007169763198643656;0.01656572919045973
one;Eddie;-0.0026066536990191945;0.3836666882461577
one;Frasier;-0.0013663912386906152;0.6479182811073291
one;Gary;0.002301165319066668;0.4418554624606181
one;Kelly;-0.0027489362429274035;0.35824617764716765
one;Lilith;0.0011035361599637502;0.7122706401550547
one;Nick;-0.0015506740977477577;0.6042876553967441
one;Norm;-0.005421719636441479;0.06998877253481624
one;Rebecca;-0.0013324471801567552;0.6560944848488688
one;Sam;0.03157690567772505;4.774711155505557e-26
one;Woody;-0.004380604825109633;0.14318562759989012
people;Carla;-0.0071949719065645;0.016188746035216733
people;Cliff;-0.006531157743257755;0.02905246374327168
people;Coach;-0.010194746989488081;0.0006562535587629382
people;Diane;-0.005946775446149583;0.04687097184682367
people;Eddie;-0.004107815864911411;0.16979538373829645
people;Frasier;-0.004941093741833314;0.09866669096168185
people;Gary;-0.0013005381635827831;0.6638182759619528
people;Kelly;-0.003996550966915775;0.18165528006521062
people;Lilith;-0.004941112238603698;0.09866542941604796
people;Nick;-0.0028659851005912425;0.33814811648243703
people;Norm;-0.001527314062448501;0.6097450063725641
people;Rebecca;-0.007010835090375577;0.01912475033767289
people;Sam;-0.017186602268228334;9.230968075388867e-09
people;Woody;-0.0070479075535870555;0.01849876010710305
please;Carla;0.012147921033908955;4.906112481991029e-05
please;Cliff;-0.006386316467123864;0.03281286466042371
please;Coach;0.006822497222746642;0.022599119424340005
please;Diane;0.01456765228718726;1.122485186897077e-06
please;Eddie;-0.0025846158014948494;0.38770053183009695
please;Frasier;0.009322792855903097;0.0018344731987941258
please;Gary;-0.004803566331875563;0.10840825242483197
please;Kelly;-0.003426695642329995;0.2521160333664829
please;Lilith;0.012557790009442599;2.704125592991309e-05
please;Nick;-0.002389083309319446;0.42461138268351895
please;Norm;-0.0009965489625409195;0.7390946531234444
please;Rebecca;0.00868802576005481;0.0036884827619075716
please;Sam;0.019482211181348776;7.431221138667639e-11
please;Woody;0.0017221549379749196;0.5649163075460534
really;Carla;-0.003847484797183349;0.19849318348749564
really;Cliff;0.004392324151693228;0.1421185719248671
really;Coach;-0.008725086096251557;0.003545167986511184
really;Diane;0.0018762596145874898;0.530621642642522
really;Eddie;0.0017502156272182728;0.558593025257089
really;Frasier;-0.003917297722346623;0.19047049201689115
really;Gary;0.001466155752856109;0.6241353261937079
really;Kelly;0.003068404508244125;0.3051363235749347
really;Lilith;0.0015843202032312527;0.596466069594502
really;Nick;-0.0037607669992633145;0.20879908594348529
really;Norm;-0.006213304133574281;0.03784383565093482
really;Rebecca;0.005633995271436501;0.059710031490515535
really;Sam;-0.00021759617206171505;0.9420274224664982
really;Woody;0.004292177016678887;0.15143620145065162
right;Carla;-0.005578352879356539;0.06227506050936107
right;Cliff;0.006629210402062349;0.026722696928291018
right;Coach;-0.007145784131798358;0.016931456345359586
right;Diane;-0.006134094850714994;0.040357677704681086
right;Eddie;-0.004222687902566627;0.15817003524908335
right;Frasier;-0.00870350519695617;0.00362799405400314
right;Gary;0.0007616815160408731;0.7990641941830553
right;Kelly;-0.0007070419734356076;0.8132017955558966
right;Lilith;-0.0046901520269400495;0.11700148339645745
right;Nick;-0.001766127987911042;0.5550226308737722
right;Norm;0.008100612583731128;0.0067829675635458055
right;Rebecca;0.00048374990024001074;0.8715641396399905
right;Sam;0.006417102906057035;0.03198044703588817
right;Woody;0.0004407027503512659;0.8829067469539832
say;Carla;0.008041849315040466;0.007195118696839322
say;Cliff;0.0017367393071984084;0.5616255261933547
say;Coach;0.003994393061362075;0.18189122120317783
say;Diane;0.005623071136454051;0.06020658470135269
say;Eddie;0.0011279165896975548;0.7062060379193943
say;Frasier;0.0046454748990109405;0.12052998187870734
say;Gary;-0.0005277734520192643;0.8599915291833439
say;Kelly;-0.0033782941404453697;0.25887731870636177
say;Lilith;0.0034432941169066237;0.249825968764462
say;Nick;0.0014596773080651734;0.6256682441188449
say;Norm;0.00035595178885776304;0.9053061371789196
say;Rebecca;0.0031855314948110174;0.28704533478398414
say;Sam;0.007592006585830162;0.011170192153320772
say;Woody;0.0025214013797604557;0.3994140137034911
see;Carla;0.00782525917084592;0.008915254905259863
see;Cliff;-0.0001654345972831614;0.9559080676199275
see;Coach;-0.003705396789712591;0.21557917475921257
see;Diane;0.0001680937828340406;0.955200075963648
see;Eddie;0.006619769712367999;0.02693976345976163
see;Frasier;-0.0018565633346246816;0.5349452907851422
see;Gary;0.0003640459614151737;0.9031633300062933
see;Kelly;0.007489895638965631;0.012307545664153126
see;Lilith;0.004051650352607781;0.17570750570022098
see;Nick;-0.0015453013512723495;0.6055408893343699
see;Norm;-0.006254423216107634;0.036592223878813085
see;Rebecca;-0.0008994928087918909;0.763707518395659
see;Sam;-0.0012646191981385288;0.6725555968503464
see;Woody;0.0005253575178949157;0.8606258577347327
something;Carla;-0.0013661381668767427;0.647979083971454
something;Cliff;-0.0004185016605276345;0.8887661197500621
something;Coach;-0.0006012225751920713;0.8407516870790207
something;Diane;0.005773870992734708;0.05364685756428626
something;Eddie;-0.002553175589523055;0.3934999362363255
something;Frasier;0.00043422702910439395;0.8846151900835758
something;Gary;0.0021961104424414466;0.46297697080609734
something;Kelly;0.0011570584346352344;0.6989814701133151
something;Lilith;-0.004027674765851384;0.1782774836228965
something;Nick;-0.0035889883772560038;0.2303473788228704
something;Norm;0.0028476890987422067;0.3412409964282173
something;Rebecca;0.0017391073079078478;0.561092092226127
something;Sam;0.004485175530378059;0.1338790534364315
something;Woody;-0.0012517778723157113;0.6756900989621891
sorry;Carla;-0.0030987596918771033;0.30037671796578647
sorry;Cliff;-0.0004989759263224996;0.8675583845506428
sorry;Coach;0.004354563691291174;0.14557869107821592
sorry;Diane;0.0024996049029868232;0.40350170521656
sorry;Eddie;0.0015271910453414548;0.6097738034160569
sorry;Frasier;0.008688635245272178;0.003686083853043205
sorry;Gary;-0.0035587832592233757;0.23429422545820544
sorry;Kelly;8.004036432567048e-05;0.9786591714115291
sorry;Lilith;0.0039009744932983043;0.1923245779374651
sorry;Nick;-0.004193402650995007;0.16107490425226048
sorry;Norm;0.0031610146602026584;0.2907708957848668
sorry;Rebecca;0.003420032219144836;0.25303947939284255
sorry;Sam;0.006836117320977687;0.02233062533360826
sorry;Woody;-0.0021773492159461545;0.4668073257981314
sox;Carla;0.00013877391996854646;0.9630081376569712
sox;Cliff;-0.0016245672281519365;0.5871710399764841
sox;Coach;0.006162932651254589;0.039426536805100956
sox;Diane;-0.0063889141920793965;0.03274191664678611
sox;Eddie;-0.002715388076809209;0.3641424234265577
sox;Frasier;-0.0065978255341594925;0.027450207717661886
sox;Gary;-0.0027466920431555783;0.35863872167625077
sox;Kelly;-0.003052510357695719;0.30764833315605433
sox;Lilith;-0.0040811922000734005;0.17257899647940828
sox;Nick;-0.002482660645608776;0.40669665657020276
sox;Norm;0.0025247760638106155;0.39878336324107055
sox;Rebecca;-0.005999993159928367;0.044936283272991095
sox;Sam;0.015446892823639398;2.433496414883963e-07
sox;Woody;-0.0031149051618280616;0.2978654220843245
studio;Carla;0.0023204374153146627;0.43804153154393133
studio;Cliff;0.0010095942624237355;0.7358060995057539
studio;Coach;-0.00631593218207584;0.034785889535585666
studio;Diane;-0.003158404619334786;0.29116942280575475
studio;Eddie;0.0006628640457714543;0.8246774317620469
studio;Frasier;0.008218832618498179;0.006017473566893709
studio;Gary;0.0005660268627815686;0.8499600017250454
studio;Kelly;0.001726217023323371;0.5639988174688156
studio;Lilith;0.006461252662821741;0.030818334698514534
studio;Nick;-0.0010872636511685904;0.716328584779318
studio;Norm;0.0029687302645284392;0.32111509939559874
studio;Rebecca;0.005301725518768262;0.07641452273490215
studio;Sam;-0.0031281864615044733;0.2958101698684175
studio;Woody;0.014411687697310794;1.459377040934642e-06
stupid;Carla;0.0030122473039605044;0.31407284376096517
stupid;Cliff;1.5246694258870454e-05;0.9959343702682119
stupid;Coach;-0.005023956221228872;0.09314312253337506
stupid;Diane;-0.0006389119473790447;0.8309150860969028
stupid;Eddie;4.305828415890399e-05;0.9885185763436168
stupid;Frasier;-0.0058680281713837795;0.04986201908013205
stupid;Gary;0.0016501597907370889;0.5812955534921632
stupid;Kelly;-0.0027247618872712496;0.36248885684772575
stupid;Lilith;-0.005455427778276114;0.06826568157966997
stupid;Nick;-0.002841315239133399;0.3423227169689947
stupid;Norm;-0.001259050858230997;0.6739141054741583
stupid;Rebecca;0.004872042481775916;0.10346671607001424
stupid;Sam;0.005949747262698108;0.046761115742221776
stupid;Woody;0.0012925021596169222;0.6657691290083999
sure;Carla;0.0005356451844597725;0.8579253529629223
sure;Cliff;0.0005234543918695119;0.8611256065465746
sure;Coach;0.00018069092638335203;0.9518466544003474
sure;Diane;-0.0035857797412542584;0.23076438731025944
sure;Eddie;-0.002375694100592275;0.4272118436906308
sure;Frasier;-0.00421380778647913;0.159046651633003
sure;Gary;-0.0060819340721923664;0.042089282616486326
sure;Kelly;-0.0021554226325708687;0.4713061241522689
sure;Lilith;0.0005330122536294838;0.858616338356614
sure;Nick;-0.0017224289810301664;0.5648543877559123
sure;Norm;-0.007057439674563416;0.018340731805682162
sure;Rebecca;0.001599180942949508;0.5930261887354509
sure;Sam;-0.0029082153567336058;0.3310781986604579
sure;Woody;0.005754559126260203;0.05445207326197793
talking;Carla;0.0011400324275988888;0.7031991342226505
talking;Cliff;-0.0018808925558724257;0.5296072210723394
talking;Coach;6.19008233818617e-05;0.9834948505661842
talking;Diane;-0.0018187364899147377;0.5432984120625336
talking;Eddie;-0.0001206252191898478;0.9678430754835267
talking;Frasier;-0.00045188518771218864;0.879957851030049
talking;Gary;0.005008803377110225;0.0941342326006359
talking;Kelly;-0.0028790435687128728;0.3359516698953749
talking;Lilith;-0.003927596696244878;0.1893074668641236
talking;Nick;-0.00038132159904398207;0.8985922497990613
talking;Norm;-0.0022656254514759437;0.4489383877281632
talking;Rebecca;0.0012399620832798954;0.6785792498148463
talking;Sam;0.0007566064089408748;0.8003746483193024
talking;Woody;0.002430700476754334;0.4165877666437104
tell;Carla;0.020011953456898827;2.2503847733911463e-11
tell;Cliff;-0.001759340378088599;0.5565442610626086
tell;Coach;-0.006074949587058664;0.042325854435814006
tell;Diane;0.004406568549086713;0.14082984084426267
tell;Eddie;-0.002064892670486285;0.4901314347916955
tell;Frasier;0.004588333906202359;0.1251635990685275
tell;Gary;0.0019222880565930927;0.5205872993650932
tell;Kelly;0.005410303049531151;0.07058039545965906
tell;Lilith;-0.000934890388049483;0.7547017213740665
tell;Nick;0.03684286567943586;7.311909659070889e-35
tell;Norm;-0.0015249314633204816;0.6103028558486883
tell;Rebecca;0.0022312715126706533;0.45584578728322483
tell;Sam;0.0037572476504694544;0.20922537787350162
tell;Woody;0.0033921080120281324;0.2569349502885484
thank;Carla;0.01227439927860995;4.090109819515369e-05
thank;Cliff;0.006213926117167315;0.03782463539854223
thank;Coach;0.006052213232471456;0.043103763369195795
thank;Diane;0.01648140792645925;3.617895220204247e-08
thank;Eddie;-0.0031934147198312865;0.2858542818490769
thank;Frasier;0.009726543456440246;0.0011510349939272213
thank;Gary;-0.004178563779211105;0.16256210228188459
thank;Kelly;0.002356749667650027;0.43090705147245123
thank;Lilith;0.007438946647863045;0.012912505927101227
thank;Nick;-0.0037784943858495492;0.20666136970778606
thank;Norm;0.004968146400100015;0.09683532427398864
thank;Rebecca;0.006104292243457105;0.041339497932339216
thank;Sam;0.02014913330921001;1.643359221564193e-11
thank;Woody;0.006604540622222033;0.027293129118495612
thing;Carla;-0.0022749398142320834;0.4470758751483123
thing;Cliff;-0.009381608992710861;0.001715866414226704
thing;Coach;-0.004208892246897331;0.15953347599297538
thing;Diane;0.00667466241084384;0.025698650056492
thing;Eddie;-0.0009406291922916669;0.7532447638587624
thing;Frasier;-0.005479727394168181;0.06704529294880572
thing;Gary;0.0004651029044755843;0.8764743849054671
thing;Kelly;-0.0038521713932775036;0.19794699583603198
thing;Lilith;-0.006011074897914557;0.04454200255909754
thing;Nick;-0.000513969012407962;0.8636172323692717
thing;Norm;-0.004013631221390651;0.17979576589267932
thing;Rebecca;0.0006751092747755974;0.8214927495966359
thing;Sam;0.005575167131637475;0.06242463596622982
thing;Woody;-0.004167011371189644;0.16372707423823338
think;Carla;0.0033839646677069233;0.25807875834747745
think;Cliff;-0.0022035927851320556;0.4614542522698428
think;Coach;-0.0044278779272669015;0.1389187198178457
think;Diane;0.01406646051710767;2.5847884843084106e-06
think;Eddie;-0.004260938055097042;0.15443588667444777
think;Frasier;0.006897574916924387;0.021153315499218846
think;Gary;0.001634939567461461;0.5847864672657466
think;Kelly;0.005671697668462858;0.05802230602993943
think;Lilith;0.002092733892118598;0.48429926518565974
think;Nick;-0.00425811064885666;0.15470959734260784
think;Norm;-0.0024824938187252756;0.40672818773323277
think;Rebecca;0.003412480704369265;0.25408884601137033
think;Sam;0.011571449808785734;0.00011001327113869249
think;Woody;0.006412839127357645;0.03209464208624021
thought;Carla;-0.007191996044770674;0.016232852470900973
thought;Cliff;-0.002100006754876227;0.4827819698779895
thought;Coach;0.002168713916907396;0.4685762283220457
thought;Diane;0.00548182664213491;0.06694071149591961
thought;Eddie;-0.004110255650541997;0.16954198756724878
thought;Frasier;0.004109283302336091;0.16964294165957755
thought;Gary;0.002151759805739909;0.47205997073587735
thought;Kelly;0.002079113698643292;0.48714770807753155
thought;Lilith;0.0033164295586946236;0.2677007784722657
thought;Nick;0.0005488487326300671;0.8544618705053011
thought;Norm;-0.005107270606082454;0.08784241404919016
thought;Rebecca;0.0005919041966911835;0.8431876048450676
thought;Sam;0.0035560148641323695;0.23465834885039843
thought;Woody;-0.0023105298057803625;0.43999986932380575
time;Carla;-0.0033998948713118843;0.25584450945576964
time;Cliff;0.0038998497649709897;0.19245281792511681
time;Coach;-0.0029084755360941445;0.331034939560651
time;Diane;-0.004134598995082784;0.16702919802120006
time;Eddie;0.002820286624291126;0.34590705621552237
time;Frasier;0.0006728956420925221;0.8220682447159556
time;Gary;0.0018219371804283483;0.5425891117489651
time;Kelly;-0.004266239194874126;0.15392369484816654
time;Lilith;-0.0006257786408461921;0.8343398425701724
time;Nick;0.0020324197675961313;0.4969812927602759
time;Norm;-0.003857749509499132;0.1972983422404331
time;Rebecca;-0.0016156093640191896;0.5892340444638299
time;Sam;-0.010580641725197189;0.0004059110574084636
time;Woody;-0.0029993702125521654;0.31614604852444117
tonight;Carla;0.0049277978914562485;0.09957685221697744
tonight;Cliff;0.008001380308802621;0.007491886428371296
tonight;Coach;0.006637034431633781;0.026543947939087188
tonight;Diane;0.007357141791241456;0.01393896162035809
tonight;Eddie;0.011926649592691583;6.716908194962754e-05
tonight;Frasier;-0.002879285793619023;0.3359110143760995
tonight;Gary;-0.0037096609955991028;0.215051452572171
tonight;Kelly;-0.004707894692954947;0.115622915033444
tonight;Lilith;-0.003010914712790658;0.31428697445176945
tonight;Nick;0.0018329610514050485;0.5401496657419955
tonight;Norm;-0.00670598066242868;0.025012950563085008
tonight;Rebecca;-0.004946071268965513;0.09832767017171963
tonight;Sam;0.005554949191774016;0.06338083900148374
tonight;Woody;-0.0024015370666821785;0.4222009303362388
troubles;Carla;-0.008790364881096937;0.003304995928644919
troubles;Cliff;-0.008961334154227616;0.0027445405943723375
troubles;Coach;-0.0031630282655771675;0.290463689311394
troubles;Diane;-0.009014067961040274;0.0025900747958265834
troubles;Eddie;-0.0038311193309341187;0.2004090977667307
troubles;Frasier;-0.002205545897055548;0.46105723878821503
troubles;Gary;-0.003875285846810647;0.1952692577120529
troubles;Kelly;-0.004306762462103685;0.150050941191225
troubles;Lilith;-0.004168959831996554;0.16353014699331306
troubles;Nick;-0.0035027660586619594;0.2417402000963256
troubles;Norm;-0.008016329993946816;0.007381002215018459
troubles;Rebecca;-0.005147109348016073;0.0853951732845011
troubles;Sam;-0.016857952729857698;1.7564286671436168e-08
troubles;Woody;-0.007797273626142187;0.009162425288278379
two;Carla;0.0017293305671878744;0.5632960576082339
two;Cliff;-0.0060494148729921485;0.04320033724164738
two;Coach;0.003483534791540292;0.2443344715083441
two;Diane;0.003937387213256934;0.18820672089737764
two;Eddie;0.00048399592617615864;0.8714993871708298
two;Frasier;-0.0009987727081545044;0.7385337358438578
two;Gary;-0.007896594673215563;0.008311942292416287
two;Kelly;-0.004382658707807923;0.1429981767184746
two;Lilith;0.004827219419866271;0.10668064831428396
two;Nick;0.0009679326392367299;0.7463251234425804
two;Norm;-0.003844512747669153;0.19884012409423238
two;Rebecca;-0.0025431156489713965;0.3953666127057759
two;Sam;-0.003045495376393086;0.3087613654882227
two;Woody;0.0023625490264114436;0.4297738925561561
wait;Carla;0.007433417778830772;0.01297971167325968
wait;Cliff;-0.0032569906018731047;0.27637092676282315
wait;Coach;-0.0014960837393299935;0.6170750033373299
wait;Diane;0.0031957192743602876;0.285506725371056
wait;Eddie;0.003354305889801914;0.26227443194637706
wait;Frasier;-0.005708220995939548;0.05642535122819384
wait;Gary;0.011097636660972219;0.00020807247442064397
wait;Kelly;0.003842120966949512;0.199119649069223
wait;Lilith;-0.00556261706526158;0.06301677358155922
wait;Nick;-0.0004307832902548758;0.8855239461021199
wait;Norm;-0.007172065231527457;0.01653098644419148
wait;Rebecca;0.0016046646206669705;0.5917591577062612
wait;Sam;0.004054354435934349;0.1754193939716612
wait;Woody;-0.006494603893346682;0.029964674306787856
waitress;Carla;0.024045416457704357;9.18553687933569e-16
waitress;Cliff;-0.00532338535749219;0.07522029806764
waitress;Coach;0.0015130326231798407;0.6130921727255155
waitress;Diane;0.008965944784964305;0.002730706979102343
waitress;Eddie;-0.0006182164358788465;0.8363132605660305
waitress;Frasier;-0.004598662745646739;0.12431589597936041
waitress;Gary;-0.0006870100461082241;0.8184004682627374
waitress;Kelly;-0.001326000111133974;0.6576521140757784
waitress;Lilith;-0.005008597760150446;0.09414773941821118
waitress;Nick;0.0028817461156322817;0.33549824838951825
waitress;Norm;-0.006221331652505226;0.03759666701108986
waitress;Rebecca;-0.003550131480640315;0.23543351307043328
waitress;Sam;0.004030981696235874;0.17792135511023857
waitress;Woody;-0.004832844016095118;0.10627306030386428
want;Carla;-0.009733769594061605;0.001141295887576574
want;Cliff;-0.008502587864163254;0.004487857609057964
want;Coach;-0.006697598006541308;0.025194914620359218
want;Diane;-0.004995490907000733;0.09501192956336206
want;Eddie;-0.0017998588529533049;0.5474912246944069
want;Frasier;-0.0015043981411281824;0.615119778526358
want;Gary;-0.005557426751497729;0.0632630165697023
want;Kelly;0.004374023521234696;0.14378755084356423
want;Lilith;-0.0034184225859724203;0.2532629022004095
want;Nick;0.00028226946522998705;0.9248421842463569
want;Norm;-0.00525163507703149;0.07923555666094936
want;Rebecca;-0.0001967218316434611;0.9475803890070147
want;Sam;-0.011089686674881756;0.00021026660692806108
want;Woody;-0.005985577216009454;0.045453593819718904
way;Carla;-0.004893945020393023;0.10192448609720438
way;Cliff;-0.009607570410929064;0.0013228331864164888
way;Coach;-0.005863319184382184;0.050045839809326045
way;Diane;-0.008839184275882187;0.0031351721014746935
way;Eddie;-0.0009853795652709698;0.7419141149701961
way;Frasier;-0.004772560091290567;0.1107063711368789
way;Gary;-0.004248343749697581;0.15565792968329836
way;Kelly;0.0028275582836995612;0.3446649022634719
way;Lilith;-0.0014191547555701457;0.635293154609785
way;Nick;-0.0014994886362714058;0.6162739743314297
way;Norm;-0.004325127136618557;0.14832051697309456
way;Rebecca;-0.0035467608459788455;0.23587842615511317
way;Sam;-0.01055693167359582;0.0004182602389898097
way;Woody;-0.002111338372506843;0.4804230753766336
wedding;Carla;0.002059801760012329;0.4912019477478535
wedding;Cliff;-0.00032947473390384065;0.912320264512366
wedding;Coach;-0.0021954196943101342;0.4631176848605597
wedding;Diane;-1.2273570260007817e-05;0.9967271680457324
wedding;Eddie;0.009494120067777771;0.0015084069327328633
wedding;Frasier;-0.004105165347374278;0.17007098817763275
wedding;Gary;-0.004574072286854023;0.12634146897825937
wedding;Kelly;0.027053285057373658;1.5240329767079992e-19
wedding;Lilith;0.00802323580971823;0.007330279556023322
wedding;Nick;0.011173022761462002;0.00018830886148585657
wedding;Norm;-0.005034964026523375;0.09242839419125144
wedding;Rebecca;0.00032287513677935046;0.9140696720981041
wedding;Sam;-0.0016712178113510293;0.5764818190971203
wedding;Woody;0.0005897834232478777;0.8437422068429941
well;Carla;-0.011867223988577407;7.301704586035014e-05
well;Cliff;0.01167351380549813;9.560294576994654e-05
well;Coach;-0.021779309899597775;3.347257651153201e-13
well;Diane;-0.0038592625561807157;0.19712266550803464
well;Eddie;-0.009362888346132544;0.0017528299591318135
well;Frasier;0.016564319718698067;3.0897920020822575e-08
well;Gary;-0.004181851017167601;0.16223175506661366
well;Kelly;0.013232594901193936;9.751872286058665e-06
well;Lilith;0.006418096139683314;0.03195389573561941
well;Nick;-0.007744695397854852;0.009643393085046059
well;Norm;-0.006317962178134054;0.034727596293404696
well;Rebecca;0.001280416765705411;0.6687072884465388
well;Sam;-0.0007306617132021923;0.80708258988204
well;Woody;0.016661773725637017;2.56429748625473e-08
whoa;Carla;-0.00544975975249761;0.06855295573554655
whoa;Cliff;0.0016803166553376197;0.5744077122065051
whoa;Coach;-0.006901766536958884;0.02107502583346297
whoa;Diane;-0.009188123527143767;0.0021349413870439737
whoa;Eddie;-9.113028388751596e-05;0.9757031708972997
whoa;Frasier;-0.002311038565593611;0.4398991856870603
whoa;Gary;0.001893436347999791;0.5268656092776798
whoa;Kelly;0.002672419336274494;0.37178243476143974
whoa;Lilith;-0.0007990975773270967;0.7894206028111234
whoa;Nick;-0.00393215662965366;0.18879420548525688
whoa;Norm;0.0031645998227514856;0.29022407588029825
whoa;Rebecca;-0.0016173984005072362;0.5888217605561563
whoa;Sam;0.006545450553965802;0.028702338618033462
whoa;Woody;-0.00035153413912622153;0.9064759336249504
woman;Carla;0.00637139350131871;0.033222989777748894
woman;Cliff;-0.003967026110809417;0.18490321905160315
woman;Coach;0.0009660696389499356;0.746796629828849
woman;Diane;0.004183937684564718;0.162022320816191
woman;Eddie;-0.004102256968064564;0.17037379109019798
woman;Frasier;0.010565861803643887;0.00041356843435399164
woman;Gary;-0.006858635324298517;0.021892807760931925
woman;Kelly;0.0007359199307743053;0.8057219256531726
woman;Lilith;0.006027322531043885;0.043969202204143604
woman;Nick;0.00257555152863855;0.389367142676806
woman;Norm;-0.006746746810275494;0.02414416436555188
woman;Rebecca;0.003831259564929276;0.2003926233549107
woman;Sam;0.003747833599563246;0.21036878149883295
woman;Woody;-0.006722424932126901;0.024659294712108478
word;Carla;0.000828555820502667;0.7818506055516754
word;Cliff;0.008392900359654488;0.005031577326144207
word;Coach;0.0007789855229883797;0.7946003636550479
word;Diane;0.006041162765085679;0.04348619003228271
word;Eddie;-0.0015559079647381397;0.6030679369777632
word;Frasier;0.004369696632713591;0.14418434219349277
word;Gary;-0.0016544842164335082;0.580305483483042
word;Kelly;-0.0025742538725893075;0.38960609355768505
word;Lilith;0.0006854194497559903;0.8188136044026163
word;Nick;-0.0007913526832880762;0.7914141742533195
word;Norm;-0.0014652544273425765;0.6243484989976802
word;Rebecca;0.0011857106207948786;0.6919047672878117
word;Sam;-0.0012351852680492063;0.6797486033573721
word;Woody;-0.003988612716666458;0.18252435267605488
worries;Carla;-0.008142705318732894;0.006500914705622755
worries;Cliff;-0.008597234718227426;0.004062100012779555
worries;Coach;-0.005328232250209212;0.07495515970222759
worries;Diane;-0.0066071443494929594;0.027232432018435452
worries;Eddie;-0.0033202305236689367;0.26715277627756856
worries;Frasier;-0.0068970436280132615;0.021163256803691494
worries;Gary;-0.0033585073303850667;0.2616772282195203
worries;Kelly;-0.003732445520400678;0.21224749782891214
worries;Lilith;-0.004990262361159679;0.09535843790629095
worries;Nick;-0.003035663935428437;0.310325746417321
worries;Norm;-0.009278752039739026;0.0019281666861961253
worries;Rebecca;-0.007336468993708669;0.0142094946952795
worries;Sam;-0.01793253490940127;2.0519708962204056e-09
worries;Woody;-0.009739002920631259;0.0011342902334855404
would;Carla;0.002849618947200539;0.340913910013255
would;Cliff;-0.002441697460475398;0.4144826298380956
would;Coach;-0.001843845880306249;0.5377463836849946
would;Diane;0.004927833598551266;0.0995743989655984
would;Eddie;-0.00351836241983443;0.23965055435015006
would;Frasier;0.0028183489338220605;0.3462385356218259
would;Gary;-0.003789115497205054;0.20538822334497953
would;Kelly;-0.002094808893445239;0.48386610625652354
would;Lilith;0.005843652372749312;0.05081970861834451
would;Nick;0.0007980584498283828;0.7896879992779212
would;Norm;-0.00865525287897628;0.003819584808224358
would;Rebecca;-0.002325389374184032;0.4370646093654896
would;Sam;-0.00934786890963983;0.0017830133081376425
would;Woody;-0.007817251939847872;0.008985359906743904
yeah;Carla;-0.00446126004417641;0.13596509469676382
yeah;Cliff;0.017383595013433693;6.242180612281442e-09
yeah;Coach;-0.012163158080377857;4.8001985091946346e-05
yeah;Diane;-0.017847431087863498;2.4435013114690582e-09
yeah;Eddie;0.0038249851047267754;0.2011307022797174
yeah;Frasier;-0.01893653702784922;2.463277524223585e-10
yeah;Gary;0.015181943997314004;3.8915873673103294e-07
yeah;Kelly;-0.007568912065346032;0.011418925932621537
yeah;Lilith;-0.012131918483019198;5.0197306484047485e-05
yeah;Nick;-0.009598058818260395;0.0013375421574976308
yeah;Norm;0.012568588401722751;2.6613715294790356e-05
yeah;Rebecca;-0.009321591795952478;0.001836971870233051
yeah;Sam;0.00774065960207899;0.009681225043275772
yeah;Woody;0.0008027505855445405;0.7884807790084407
yes;Carla;-0.004799357597764378;0.10871796261758286
yes;Cliff;-0.008918007782495414;0.0028776981582430703
yes;Coach;-0.004431571873432976;0.13858947087689466
yes;Diane;0.009301329981468171;0.0018795984314384847
yes;Eddie;-0.00541855670499726;0.07015227085881928
yes;Frasier;0.009893249555380762;0.0009448215028503703
yes;Gary;-0.004800206372258347;0.10865544714880278
yes;Kelly;-0.00011058874676442206;0.9705173793677406
yes;Lilith;0.0075145686408019064;0.012023710390948301
yes;Nick;-0.004828822688029009;0.10656434097584921
yes;Norm;-0.010010383076250379;0.0008210129748223171
yes;Rebecca;0.012607946385736556;2.5109191489882693e-05
yes;Sam;-0.008152566293028938;0.006436383351225971
yes;Woody;-0.007045283480709277;0.018542471938622976
